model,factors,seed,samples,features,fit_observed_cells,holdout_cells,observed_cells,holdout_fraction_realized,q_train,q_train_per_cell,q_heldout,q_heldout_per_cell,q_all_observed,q_all_observed_per_cell,objective,iterations,converged,fit_seconds,profile_variability_mean,profile_variability_max,active_variability_factor_count,effective_rank_mean,effective_rank_active_factor_count,high_geometric_confounding_factor_count,moderate_geometric_confounding_factor_count,pairwise_cosine_mean,pairwise_cosine_max,pairwise_cosine_min,difference_span_rank,difference_condition_number,difference_min_relative_singular_value
lowrank_v2,4,11,8671,32,205786,22901,228687,0.1001412410849764,278449.5282912116,1.353102389332664,215115.29217312983,9.393270694429493,493564.8204643414,2.1582548219371516,278449.5282912116,15,False,26.4333375840215,0.0,0.0,0,0.0,0,0,2,0.8633664464842034,0.9631684202129169,0.7879248625041232,3.0,4.426525731401191,0.22591080695773022
lowrank_v2,4,17,8671,32,205786,22901,228687,0.1001412410849764,298632.34410008835,1.4511791088805281,199754.41906924127,8.722519499988701,498386.7631693296,2.1793401599974183,298632.34410008835,15,False,26.48155616701115,0.0,0.0,0,0.0,0,0,3,0.8416164469432518,0.9377767824725861,0.764345524803374,3.0,2.783318558610385,0.3592833443036666
lowrank_v2,4,23,8671,32,205786,22901,228687,0.1001412410849764,278578.9811834266,1.3537314549261201,114545.22839715095,5.001756621857165,393124.20958057756,1.7190492226518235,278578.9811834266,15,False,26.590064040967263,0.0,0.0,0,0.0,0,2,0,0.7124437270859483,0.9906223976952729,0.6192177822028141,3.0,6.595000946224268,0.1516300009892363
lowrank_v2,4,31,8671,32,205786,22901,228687,0.1001412410849764,281025.9625568825,1.3656223579683873,152985.98632564076,6.680319039589571,434011.94888252334,1.8978426796561385,281025.9625568825,15,False,26.519503749907017,0.0,0.0,0,0.0,0,2,1,0.6540167780034254,0.9736986952562943,0.3058264264358236,3.0,6.279107290655746,0.1592583075444737
lowrank_v2,4,41,8671,32,205786,22901,228687,0.1001412410849764,272425.5876605976,1.3238295494377537,255238.90768614484,11.14531713401794,527664.4953467424,2.307365505458301,272425.5876605976,15,False,26.564530208939686,0.0,0.0,0,0.0,0,2,0,0.818821346669819,0.9763712750652684,0.6866620640400517,3.0,3.8065769895734918,0.2627032115044769
lowrank_v2,4,53,8671,32,205786,22901,228687,0.1001412410849764,276105.32029390114,1.3417109049881972,178122.0793715095,7.7779170940792755,454227.39966541063,1.986240580642584,276105.32029390114,15,False,26.526474082958885,0.0,0.0,0,0.0,0,2,1,0.6854223339492392,0.9828660628830985,0.38708788831510144,3.0,6.433150823082665,0.15544482439490137
lowrank_v2,4,67,8671,32,205786,22901,228687,0.1001412410849764,274757.49598887085,1.3351612645606157,375509.8518934158,16.397094096040163,650267.3478822866,2.8434819114435306,274757.49598887085,15,False,26.68302454194054,0.0,0.0,0,0.0,0,0,3,0.8085279029418645,0.9383696655706877,0.6518855450896223,3.0,2.47085919441053,0.404717517801968
lowrank_v2,4,79,8671,32,205786,22901,228687,0.1001412410849764,271887.0907982617,1.321212768595831,301585.89566268004,13.169114696418498,573472.9864609416,2.507676371901077,271887.0907982617,15,False,26.746887708082795,0.0,0.0,0,0.0,0,0,2,0.8250423198582175,0.9326746410937845,0.710523610643173,3.0,2.0750916827446186,0.48190641807081536
lowrank_v2,4,97,8671,32,205786,22901,228687,0.1001412410849764,280066.2238535853,1.3609585873362877,125160.4153753094,5.465281663477988,405226.6392288947,1.7719705939948258,280066.2238535853,15,False,26.765900333062746,0.0,0.0,0,0.0,0,2,0,0.8260261828702028,0.9875167284822246,0.7384118990318714,3.0,7.308733035850137,0.1368226196106617
lowrank_v2,4,113,8671,32,205786,22901,228687,0.1001412410849764,276271.6271722445,1.3425190594707341,201035.17170012672,8.778445120305957,477306.7988723712,2.087161923818893,276271.6271722445,15,False,26.95873199997004,0.0,0.0,0,0.0,0,2,1,0.7536167089042999,0.9732486599201783,0.527515848245832,3.0,8.266890204311611,0.12096447095407754
lowrank_v2,5,11,8671,32,205786,22901,228687,0.1001412410849764,224005.94771062862,1.0885383248162102,374142.8713679386,16.33740322989994,598148.8190785672,2.6155785815484363,224005.94771062862,15,False,28.264773583970964,0.0,0.0,0,0.0,0,2,0,0.7216450443206959,0.9905339990962977,0.5141422714156284,4.0,17.820458245345403,0.05611527976623126
lowrank_v2,5,17,8671,32,205786,22901,228687,0.1001412410849764,225691.62211449986,1.0967297197792847,474373.2039395651,20.714082526508236,700064.8260540649,3.0612357766469667,225691.62211449986,15,False,28.100175041006878,0.0,0.0,0,0.0,0,2,0,0.7534481982153383,0.9923506103669579,0.6505467464414857,4.0,8.634696592268135,0.11581182839654626
lowrank_v2,5,23,8671,32,205786,22901,228687,0.1001412410849764,246367.86101285223,1.1972041879080804,124806.5020271471,5.449827606966818,371174.3630399993,1.6230671749596581,246367.86101285223,15,False,28.116664958070032,0.0,0.0,0,0.0,0,3,0,0.6404296254716533,0.9911904706905832,0.41657193747176663,4.0,11.937448394486422,0.08376999564344692
lowrank_v2,5,31,8671,32,205786,22901,228687,0.1001412410849764,244646.71771792477,1.1888404348105546,117063.26657519721,5.11170981944881,361709.984293122,1.5816814436024873,244646.71771792477,15,False,28.181257457938045,0.0,0.0,0,0.0,0,3,0,0.7033959882611142,0.9944020929764553,0.4351238685910766,4.0,13.626722388542065,0.07338521850572394
lowrank_v2,5,41,8671,32,205786,22901,228687,0.1001412410849764,233743.53000273003,1.1358572983717552,580952.1295899057,25.36798085629037,814695.6595926358,3.5624922255862197,233743.53000273003,15,False,28.060681417002343,0.0,0.0,0,0.0,0,2,0,0.4793648806377351,0.9958352674287988,0.06914725957561013,4.0,29.127573905225695,0.034331729901493545
lowrank_v2,5,53,8671,32,205786,22901,228687,0.1001412410849764,225731.48284887124,1.0969234197120856,222855.44704203197,9.731253964544429,448586.9298909032,1.9615759964095167,225731.48284887124,15,False,28.229025166947395,0.0,0.0,0,0.0,0,3,0,0.6717551377152416,0.9921228099343699,0.2841402122489605,4.0,15.193990589848102,0.06581549423020916
lowrank_v2,5,67,8671,32,205786,22901,228687,0.1001412410849764,228594.63625228166,1.1108366762184096,464940.3163666603,20.30218402544257,693534.9526189419,3.032682017862589,228594.63625228166,15,False,28.109400957939215,0.0,0.0,0,0.0,0,2,0,0.6669914691213781,0.9905348896047338,0.4172096846026543,4.0,9.68611404608427,0.10324057668970583
lowrank_v2,5,79,8671,32,205786,22901,228687,0.1001412410849764,240851.81567515634,1.1703994230664687,133693.38598598717,5.837884196584742,374545.2016611435,1.6378071410318187,240851.81567515634,15,False,28.125472916057333,0.0,0.0,0,0.0,0,3,0,0.6384897350420425,0.9964846441847163,0.43596004226406826,4.0,18.29411417503075,0.05466238979555943
lowrank_v2,5,97,8671,32,205786,22901,228687,0.1001412410849764,224704.9078889495,1.091934863834029,271212.89638150716,11.84284076597123,495917.80427045666,2.1685439236618462,224704.9078889495,15,False,28.174772709026,0.0,0.0,0,0.0,0,2,1,0.7361828833378158,0.9907714303452073,0.4810862810722988,4.0,8.77183112629153,0.11400128269714765
lowrank_v2,5,113,8671,32,205786,22901,228687,0.1001412410849764,233310.27077070097,1.1337519110663552,292193.44703550177,12.758982011069463,525503.7178062027,2.297916881179091,233310.27077070097,15,False,28.186252333107404,0.0,0.0,0,0.0,0,2,2,0.7365634930353888,0.9787108715909691,0.34521464585680545,4.0,16.52689044170425,0.06050745017807962
lowrank_v2,6,11,8671,32,205786,22901,228687,0.1001412410849764,195332.92476766152,0.94920414784126,289174.7091579711,12.627165152524828,484507.6339256326,2.1186496561922303,195332.92476766152,15,False,29.541720582987182,0.0,0.0,0,0.0,0,3,0,0.7143334480366469,0.9865080245202502,0.417632270109475,5.0,20.463233041194737,0.04886813329970343
lowrank_v2,6,17,8671,32,205786,22901,228687,0.1001412410849764,207439.7238792794,1.0080361340386585,432495.31453309645,18.885433585131498,639935.0384123758,2.798300902160489,207439.7238792794,15,False,29.552521790959872,0.0,0.0,0,0.0,0,2,0,0.7256021734282753,0.992362281808401,0.59154210664156,5.0,16.54577058998819,0.0604384059697466
lowrank_v2,6,23,8671,32,205786,22901,228687,0.1001412410849764,204212.12782420687,0.9923518986918783,122161.70588861532,5.334339368962723,326373.8337128222,1.4271639127402178,204212.12782420687,15,False,29.401300707948394,0.0,0.0,0,0.0,0,3,1,0.6605825252168551,0.9914638980558049,0.3143228030732352,5.0,11.284632099872676,0.0886160923235843
lowrank_v2,6,31,8671,32,205786,22901,228687,0.1001412410849764,220073.1584501972,1.06942726157366,147868.99912297266,6.456879573947542,367942.1575731699,1.6089334224209069,220073.1584501972,15,False,29.570243458962068,0.0,0.0,0,0.0,0,3,0,0.6784184754674135,0.9967006858138951,0.34646179585089715,5.0,35.94855113264946,0.027817532793185995
lowrank_v2,6,41,8671,32,205786,22901,228687,0.1001412410849764,200001.77894354073,0.9718920574943909,483960.1139727242,21.132706605507366,683961.892916265,2.990821047616458,200001.77894354073,15,False,29.557232583058067,0.0,0.0,0,0.0,0,2,1,0.5210638797393379,0.9943872242948159,0.07823518010688758,5.0,69.25484120132863,0.014439423766678354
lowrank_v2,6,53,8671,32,205786,22901,228687,0.1001412410849764,190466.56777742453,0.9255564896417857,235365.69100702496,10.277528972840704,425832.25878444954,1.8620746207018744,190466.56777742453,15,False,29.522753792000003,0.0,0.0,0,0.0,0,3,1,0.6567543513700185,0.9975563381195676,0.26411776502692513,5.0,35.88598148941262,0.027866034548756267
lowrank_v2,6,67,8671,32,205786,22901,228687,0.1001412410849764,207806.405086993,1.009817990956591,257784.95478575293,11.256493375213001,465591.35987274593,2.035932780930905,207806.405086993,15,False,29.418071583029814,0.0,0.0,0,0.0,0,2,2,0.6787360245346811,0.9946180941629006,0.33888728956086916,5.0,16.67918330996267,0.059954973898673346
lowrank_v2,6,79,8671,32,205786,22901,228687,0.1001412410849764,201008.99976779107,0.9767865635553005,286254.74241203873,12.499661255492718,487263.74217982974,2.1307015360725785,201008.99976779107,15,False,29.552456915960647,0.0,0.0,0,0.0,0,3,0,0.6507268974402691,0.9935496339410673,0.40925054890477697,5.0,24.09364894516184,0.04150471363951729
lowrank_v2,6,97,8671,32,205786,22901,228687,0.1001412410849764,210601.88610289028,1.0234023991082497,126567.76182458537,5.526735156743608,337169.6479274756,1.4743717304764836,210601.88610289028,15,False,29.660554124973714,0.0,0.0,0,0.0,0,3,0,0.5904197711772003,0.9919161872190903,0.20174372400151466,5.0,35.294806416917204,0.028332780414987303
lowrank_v2,6,113,8671,32,205786,22901,228687,0.1001412410849764,187154.03348747123,0.9094595039870119,510945.2714573274,22.311046306158133,698099.3049447987,3.0526409675442796,187154.03348747123,15,False,29.50267920794431,0.0,0.0,0,0.0,0,2,1,0.6766957364378616,0.9963311078337758,0.4241165893335509,5.0,40.24733516614796,0.024846365501512757
lowrank_v2,7,11,8671,32,205786,22901,228687,0.1001412410849764,172136.32776748989,0.8364822085442639,292521.51901304815,12.773307672723817,464657.8467805381,2.0318507251419544,172136.32776748989,15,False,31.00000550004188,0.0,0.0,0,0.0,0,3,1,0.7153214424383252,0.9771484268398535,0.3886933623914574,6.0,23.438968660392394,0.042663993219540355
lowrank_v2,7,17,8671,32,205786,22901,228687,0.1001412410849764,175522.520738447,0.8529371324504437,1486067.8945330693,64.89096085468186,1661590.415271516,7.265784304623857,175522.520738447,15,False,30.613882625009865,0.0,0.0,0,0.0,0,3,1,0.70030378886571,0.9902139304128463,0.3897244124130592,6.0,19.086369918773446,0.05239340976077359
lowrank_v2,7,23,8671,32,205786,22901,228687,0.1001412410849764,184985.18024283537,0.8989201415200031,607155.1664863816,26.51216831083278,792140.3467292169,3.4638626014124845,184985.18024283537,15,False,30.62006508302875,0.0,0.0,0,0.0,0,2,1,0.6554390688670003,0.992581566212011,0.35198863451402496,6.0,21.30258468719213,0.04694266046510476
lowrank_v2,7,31,8671,32,205786,22901,228687,0.1001412410849764,175701.54170997627,0.8538070700143657,237504.77000198013,10.370934457097075,413206.3117119564,1.806864018120647,175701.54170997627,15,False,30.69767929194495,0.0,0.0,0,0.0,0,3,1,0.7295675964451128,0.9906560125830304,0.4031291699537769,6.0,17.1403660736614,0.058341811120162804
lowrank_v2,7,41,8671,32,205786,22901,228687,0.1001412410849764,187570.17230680573,0.9114816960668157,597001.8525183395,26.06881151558183,784572.0248251453,3.430767926577135,187570.17230680573,15,False,30.580411292030476,0.0,0.0,0,0.0,0,2,1,0.5184091393773747,0.9917093963166584,0.03277450858261727,6.0,68.1066153133767,0.014682861501760633
lowrank_v2,7,53,8671,32,205786,22901,228687,0.1001412410849764,161396.3038081264,0.784291952844831,340144.9972924037,14.852844735706027,501541.30110053014,2.19313428879005,161396.3038081264,15,False,30.543433125014417,0.0,0.0,0,0.0,0,5,0,0.7627872721836979,0.9928414291283125,0.41406170060385655,6.0,17.95178158205888,0.05570477756923057
lowrank_v2,7,67,8671,32,205786,22901,228687,0.1001412410849764,167747.176580637,0.8151534923689512,289401.8668667568,12.63708426997759,457149.0434473938,1.9990163124593607,167747.176580637,15,False,30.60811533301603,0.0,0.0,0,0.0,0,3,1,0.6208685810437868,0.994614044151701,0.18973979367031005,6.0,20.94155525739859,0.04775194524517003
lowrank_v2,7,79,8671,32,205786,22901,228687,0.1001412410849764,172109.4039905949,0.8363513746833842,877778.8341630236,38.32927968922858,1049888.2381536188,4.590939748011993,172109.4039905949,15,False,30.359908125014044,0.0,0.0,0,0.0,0,3,0,0.6978215701707233,0.9910870870503605,0.39129238155968754,6.0,22.828626023608457,0.0438046511851322
lowrank_v2,7,97,8671,32,205786,22901,228687,0.1001412410849764,162177.86977837316,0.788089907857547,454432.7619906904,19.84335889221826,616610.6317690636,2.696308193159487,162177.86977837316,15,False,30.387776583083905,0.0,0.0,0,0.0,0,3,2,0.6802596976995344,0.9881911367258044,0.35023891493103865,6.0,27.268948902453317,0.03667174717944602
lowrank_v2,7,113,8671,32,205786,22901,228687,0.1001412410849764,164571.50862723973,0.7997215973255699,358155.80378054315,15.639308492229297,522727.3124077828,2.2857762461695805,164571.50862723973,15,False,30.457066458067857,0.0,0.0,0,0.0,0,3,2,0.6793551295876126,0.9906687647452309,0.29765513267102806,6.0,41.49309024878067,0.024100398259186934
lowrank_v2,8,11,8671,32,205786,22901,228687,0.1001412410849764,138423.2482144186,0.6726562944729894,469771.0517335793,20.513123956752075,608194.299947998,2.659505349879958,138423.2482144186,15,False,31.924847792019136,0.0,0.0,0,0.0,0,2,2,0.6194080516988247,0.9987664852521088,0.21346591882480134,7.0,198.14298720368944,0.005046860421923527
lowrank_v2,8,17,8671,32,205786,22901,228687,0.1001412410849764,143795.91549470724,0.6987643255357859,327637.3847324032,14.306684630907087,471433.3002271104,2.0614783535011187,143795.91549470724,15,False,31.740643540979363,0.0,0.0,0,0.0,0,4,0,0.6198528797888673,0.9918636323997074,0.14271440598847498,7.0,44.66925699964447,0.02238676143657279
lowrank_v2,8,23,8671,32,205786,22901,228687,0.1001412410849764,148053.39505599934,0.7194531943669605,423499.1123616633,18.492603482889976,571552.5074176627,2.499278522249462,148053.39505599934,15,False,31.78517745900899,0.0,0.0,0,0.0,0,3,2,0.6607044633600683,0.9895930094501406,0.3298985526631885,7.0,41.93652464406295,0.023845562036614122
lowrank_v2,8,31,8671,32,205786,22901,228687,0.1001412410849764,154987.47709310317,0.7531487909435198,336800.74342576973,14.706813825849078,491788.2205188729,2.150486125223003,154987.47709310317,15,False,31.78693179099355,0.0,0.0,0,0.0,0,3,3,0.7104342232974538,0.990808209577578,0.46022156455631424,7.0,31.6589395393286,0.03158665497174159
lowrank_v2,8,41,8671,32,205786,22901,228687,0.1001412410849764,152426.35658516065,0.7407032382434211,530164.0624837071,23.150258175787393,682590.4190688678,2.9848238818510358,152426.35658516065,15,False,31.711157624959014,0.0,0.0,0,0.0,0,3,1,0.5429820662286212,0.9919857229158189,0.03804574348654017,7.0,72.59195048326359,0.013775632054831682
lowrank_v2,8,53,8671,32,205786,22901,228687,0.1001412410849764,139556.4720376388,0.6781631016572498,351675.666886684,15.356345438482338,491232.13892432285,2.148054497738493,139556.4720376388,15,False,31.79194154194556,0.0,0.0,0,0.0,0,4,2,0.7386336152689318,0.9903921322875094,0.33052282294971663,7.0,24.37881582386439,0.04101921960545358
lowrank_v2,8,67,8671,32,205786,22901,228687,0.1001412410849764,156057.04785559382,0.7583462813582742,195986.9205339898,8.558007097244216,352043.96838958364,1.5394139955029522,156057.04785559382,15,False,31.642264624941163,0.0,0.0,0,0.0,0,3,2,0.6176146055803793,0.9912951834892673,0.03400030863484869,7.0,56.766107217361835,0.01761614542584226
lowrank_v2,8,79,8671,32,205786,22901,228687,0.1001412410849764,150690.41577793314,0.7322675778621147,1082697.5107526644,47.27730277073771,1233387.9265305977,5.393345168420582,150690.41577793314,15,False,31.689438041998073,0.0,0.0,0,0.0,0,3,4,0.7429607921532391,0.9930909194399176,0.4929731038778867,7.0,46.27667684738226,0.021609157530864644
lowrank_v2,8,97,8671,32,205786,22901,228687,0.1001412410849764,136733.82600526273,0.664446687360961,347855.5007051757,15.189533238949203,484589.32671043836,2.1190068815037075,136733.82600526273,15,False,31.662659291992895,0.0,0.0,0,0.0,0,3,1,0.6296538058754423,0.9914639562065631,0.26431893391178074,7.0,29.193936250147473,0.03425368855475762
lowrank_v2,8,113,8671,32,205786,22901,228687,0.1001412410849764,141140.36633332196,0.6858599046257858,320185.5121600767,13.981289557664587,461325.87849339866,2.0172807308390888,141140.36633332196,15,False,31.723515042103827,0.0,0.0,0,0.0,0,2,3,0.6535540425555801,0.992250374696879,0.3085073277488687,7.0,51.64001795946823,0.019364826727691898
static,4,11,8671,32,205786,22901,228687,0.1001412410849764,271166.03672375774,1.3177088661218828,341178.1989425998,14.897960741565862,612344.2356663577,2.677652143175422,271166.03672375774,500,False,0.4856358339311555,0.0,0.0,0,0.0,0,0,0,0.8273664946416758,0.9371373328126701,0.7438621719173062,3.0,3.5179019853610534,0.28426033589374344
static,4,17,8671,32,205786,22901,228687,0.1001412410849764,271238.0654775662,1.3180588838772618,298144.97049490956,13.018862516698379,569383.0359724758,2.489791881359569,271238.0654775662,500,False,0.48251604207325727,0.0,0.0,0,0.0,0,0,0,0.8175907118430069,0.9069954369811573,0.6990226438493381,3.0,2.7936946655266666,0.3579489241754629
static,4,23,8671,32,205786,22901,228687,0.1001412410849764,278047.9214308198,1.3511508141021245,118473.73121825984,5.173299472436131,396521.6526490797,1.7339055243589696,278047.9214308198,500,False,0.4956774590536952,0.0,0.0,0,0.0,0,0,0,0.6418964746802254,0.9914436062254421,0.510172090988397,3.0,7.908766873921501,0.12644196193181728
static,4,31,8671,32,205786,22901,228687,0.1001412410849764,274344.96359405376,1.333156597601653,218956.63160349583,9.561007449609006,493301.59519754956,2.1571037933837496,274344.96359405376,500,False,0.48663012497127056,0.0,0.0,0,0.0,0,0,0,0.6917456347562828,0.9735966740004349,0.40184119530173934,3.0,5.2683474223503755,0.18981284259227318
static,4,41,8671,32,205786,22901,228687,0.1001412410849764,271059.19305206684,1.3171896681604522,268898.61206778436,11.741784728517722,539957.8051198513,2.3611215553129443,271059.19305206684,500,False,0.4860273340018466,0.0,0.0,0,0.0,0,0,0,0.8090108056288207,0.9599749050854659,0.6867688459420577,3.0,3.1409037913095417,0.31837969783310954
static,4,53,8671,32,205786,22901,228687,0.1001412410849764,272007.0274717971,1.3217955909138477,212446.78656215232,9.276747153493398,484453.8140339494,2.1184143131614364,272007.0274717971,500,False,0.48559741699136794,0.0,0.0,0,0.0,0,0,0,0.7389338940014222,0.971410486078843,0.5170673814432081,3.0,4.103022490163554,0.24372276837316045
static,4,67,8671,32,205786,22901,228687,0.1001412410849764,271380.90058153996,1.318752979218897,356412.7037694575,15.563193911595892,627793.6043509975,2.745208972748768,271380.90058153996,500,False,0.47945695801172405,0.0,0.0,0,0.0,0,0,0,0.821799973136216,0.9208950678965575,0.6938667236664544,3.0,1.954196554851624,0.5117192523532654
static,4,79,8671,32,205786,22901,228687,0.1001412410849764,271072.2225114629,1.3172529837377807,290565.4282084503,12.687892590212233,561637.6507199132,2.4559229458601197,271072.2225114629,500,False,0.48907845898065716,0.0,0.0,0,0.0,0,0,0,0.8291126912964971,0.9266846507099827,0.7273610872318926,3.0,2.0740344187930657,0.4821520756545235
static,4,97,8671,32,205786,22901,228687,0.1001412410849764,271917.3373717839,1.3213597493113425,256284.3307949672,11.190966804723251,528201.668166751,2.3097144488613304,271917.3373717839,500,False,0.48810520803090185,0.0,0.0,0,0.0,0,0,0,0.8386828952401625,0.9770683209446502,0.7818637469438934,3.0,4.145688679803575,0.24121444643725168
static,4,113,8671,32,205786,22901,228687,0.1001412410849764,272237.0116376347,1.3229131798938447,213086.77772168425,9.304693145351044,485323.78935931897,2.122218531701929,272237.0116376347,500,False,0.4878967920085415,0.0,0.0,0,0.0,0,0,0,0.7547620541755328,0.9678887816999439,0.5454584111367282,3.0,7.176623049016093,0.13934130205390946
static,5,11,8671,32,205786,22901,228687,0.1001412410849764,222923.17613132793,1.083276686126986,430966.7969857196,18.81868900859,653889.9731170476,2.8593228872522163,222923.17613132793,500,False,0.49689533305354416,0.0,0.0,0,0.0,0,0,0,0.7042553296419618,0.990593931327842,0.4928928310629924,4.0,17.971146031085983,0.05564475400011931
static,5,17,8671,32,205786,22901,228687,0.1001412410849764,223387.48482342865,1.0855329557084965,495661.8046689084,21.64367515256576,719049.289492337,3.1442508297032057,223387.48482342865,500,False,0.49991037498693913,0.0,0.0,0,0.0,0,0,0,0.7355594561112102,0.9914141487647592,0.6534043177311628,4.0,7.977850513552412,0.1253470465887077
static,5,23,8671,32,205786,22901,228687,0.1001412410849764,235926.8911567268,1.1464671608210801,109783.66627986627,4.793837224569507,345710.5574365931,1.5117193257010373,235926.8911567268,500,False,0.4932822500122711,0.0,0.0,0,0.0,0,0,0,0.603298292529461,0.9940609136542066,0.27298004100222734,4.0,14.02762196366037,0.07128792054637463
static,5,31,8671,32,205786,22901,228687,0.1001412410849764,225906.94200877345,1.0977760489478072,195363.79272923767,8.53079746426958,421270.73473801115,1.8421280384893375,225906.94200877345,500,False,0.49394049996044487,0.0,0.0,0,0.0,0,0,0,0.7071221974214777,0.991702251847244,0.5500713652773755,4.0,14.377927068951587,0.06955105525326039
static,5,41,8671,32,205786,22901,228687,0.1001412410849764,226795.7562333344,1.102095167957657,385096.62398154434,16.81571215150187,611892.3802148787,2.6756762746237377,226795.7562333344,500,False,0.49196812498848885,0.0,0.0,0,0.0,0,0,0,0.40725143794339613,0.9970898113475268,0.04259489174859777,4.0,31.004271673948384,0.03225362009842853
static,5,53,8671,32,205786,22901,228687,0.1001412410849764,222970.00403326424,1.083504242432742,311326.37315798376,13.59444448530561,534296.3771912481,2.3363653254940075,222970.00403326424,500,False,0.5052223749225959,0.0,0.0,0,0.0,0,0,0,0.7034743427651029,0.9911021088262314,0.4334244803080534,4.0,13.709711218666712,0.07294099664465808
static,5,67,8671,32,205786,22901,228687,0.1001412410849764,223777.6047768107,1.0874287112670964,858401.5075945507,37.48314517246193,1082179.1123713616,4.732140927868054,223777.6047768107,500,False,0.49311662500258535,0.0,0.0,0,0.0,0,0,0,0.6562915926627897,0.9909288244283893,0.4616021600085817,4.0,9.141400584384154,0.1093924274260834
static,5,79,8671,32,205786,22901,228687,0.1001412410849764,235017.39657096216,1.1420475473111007,125261.05593955825,5.469676256039398,360278.45251052035,1.5754216571581259,235017.39657096216,500,False,0.4935336670605466,0.0,0.0,0,0.0,0,0,0,0.5706677584268911,0.9947363688217996,0.288088367519849,4.0,13.970810543337336,0.07157780838112496
static,5,97,8671,32,205786,22901,228687,0.1001412410849764,223157.8313459944,1.08441697368137,338905.396744226,14.798716071098466,562063.2280902204,2.4577839059072897,223157.8313459944,500,False,0.4922097090166062,0.0,0.0,0,0.0,0,0,0,0.7271098290968444,0.9904640365279592,0.5139874169961497,4.0,8.065740818480233,0.12398117203429089
static,5,113,8671,32,205786,22901,228687,0.1001412410849764,228868.76047343464,1.1121687601364263,238151.57366347173,10.399177925133039,467020.3341369063,2.0421813838867373,228868.76047343464,500,False,0.49326008290518075,0.0,0.0,0,0.0,0,0,0,0.7271143870494072,0.9738360777335137,0.354669936584018,4.0,14.176922497250107,0.07053717054557995
static,6,11,8671,32,205786,22901,228687,0.1001412410849764,184453.37235286346,0.8963358651845289,342223.4964843268,14.943604929231334,526676.8688371903,2.3030468231127714,184453.37235286346,500,False,0.4997615839820355,0.0,0.0,0,0.0,0,0,0,0.7089884935890777,0.9984689941060226,0.41587228637736545,5.0,51.473952167169884,0.01942730173024873
static,6,17,8671,32,205786,22901,228687,0.1001412410849764,190688.22192737868,0.9266335996004523,381745.431866683,16.669378274602987,572433.6537940616,2.5031315894391093,190688.22192737868,500,False,0.49892895808443427,0.0,0.0,0,0.0,0,0,0,0.759920775304739,0.9914431634594167,0.5802497314020457,5.0,13.372650835122242,0.07477948929718382
static,6,23,8671,32,205786,22901,228687,0.1001412410849764,187212.39582728728,0.9097431109370282,226990.10944051476,9.9117990236459,414202.50526780204,1.8112201623520447,187212.39582728728,500,False,0.4944266250822693,0.0,0.0,0,0.0,0,0,0,0.6790535453025126,0.9925515690644056,0.22520121925593825,5.0,20.280915813990994,0.04930743804528492
static,6,31,8671,32,205786,22901,228687,0.1001412410849764,206560.81889806897,1.003765168175041,147191.0907679242,6.427277881661246,353751.9096659932,1.5468824623436976,206560.81889806897,500,False,0.4972906250040978,0.0,0.0,0,0.0,0,0,0,0.6793004538494406,0.992131892686071,0.2645858555088953,5.0,27.909990347216514,0.03582946420114871
static,6,41,8671,32,205786,22901,228687,0.1001412410849764,187624.61154869644,0.9117462390478285,284293.4533479419,12.414019184661889,471918.0648966384,2.063598127119768,187624.61154869644,500,False,0.4975120830349624,0.0,0.0,0,0.0,0,0,0,0.5167114148572328,0.9968815708784124,0.08110955759594467,5.0,49.06140306031496,0.020382621319871817
static,6,53,8671,32,205786,22901,228687,0.1001412410849764,183939.28038167625,0.8938376778871072,338165.8227351766,14.766421673078757,522105.1031168528,2.283055456221179,183939.28038167625,500,False,0.503775667049922,0.0,0.0,0,0.0,0,0,0,0.6917982522769337,0.9968918207372442,0.3194663482766299,5.0,34.05249705913678,0.02936642203546378
static,6,67,8671,32,205786,22901,228687,0.1001412410849764,202897.29329737328,0.9859625693554143,624883.2148082533,27.286285088347817,827780.5081056267,3.6197095073424665,202897.29329737328,500,False,0.5041705420007929,0.0,0.0,0,0.0,0,0,0,0.6652305257365148,0.9925955280553018,0.43320208000986293,5.0,17.052751960476094,0.05864156133378023
static,6,79,8671,32,205786,22901,228687,0.1001412410849764,187108.11678102333,0.9092363755601612,458626.95733991754,20.026503529973255,645735.0741209409,2.8236632345561437,187108.11678102333,500,False,0.5008405420230702,0.0,0.0,0,0.0,0,0,0,0.6156487736348092,0.9941886477944778,0.35459273983106965,5.0,17.923830143018794,0.055791646764153977
static,6,97,8671,32,205786,22901,228687,0.1001412410849764,205035.3162691053,0.9963521146681762,227394.72825208126,9.929467195846524,432430.0445211865,1.8909253456522954,205035.3162691053,500,False,0.5072309999959543,0.0,0.0,0,0.0,0,0,0,0.4701283967379795,0.9937081370532207,0.15910959821619955,5.0,27.656578855738857,0.03615776214462968
static,6,113,8671,32,205786,22901,228687,0.1001412410849764,183610.58790549182,0.8922404240594201,449865.7003190393,19.643932593294586,633476.2882245311,2.7700581503300628,183610.58790549182,500,False,0.5020645409822464,0.0,0.0,0,0.0,0,0,0,0.6579470073871938,0.9958329713404717,0.39664963858091173,5.0,36.46293983604765,0.027425106272187885
static,7,11,8671,32,205786,22901,228687,0.1001412410849764,163803.88617253644,0.7959913996702227,455447.349392071,19.887662084278897,619251.2355646074,2.707854996412596,163803.88617253644,500,False,0.5081142920535058,0.0,0.0,0,0.0,0,0,0,0.6856071051737912,0.9843079907634078,0.38201911550487827,6.0,21.030482275755723,0.04755002699832595
static,7,17,8671,32,205786,22901,228687,0.1001412410849764,163903.52944562281,0.7964756078918042,417118.3167118565,18.213978285308787,581021.8461574793,2.5406859426092403,163903.52944562281,500,False,0.5078473330941051,0.0,0.0,0,0.0,0,0,0,0.6726789503027428,0.9911071713300056,0.2358165190013477,6.0,14.997224241038795,0.06667900565649836
static,7,23,8671,32,205786,22901,228687,0.1001412410849764,182731.91519783193,0.8879705869098574,1164889.5453956842,50.866317863660285,1347621.460593516,5.892864310579596,182731.91519783193,500,False,0.5072470000013709,0.0,0.0,0,0.0,0,0,0,0.49488483112369946,0.9940897426293048,0.1135798295627869,6.0,24.315246504864557,0.04112645947471427
static,7,31,8671,32,205786,22901,228687,0.1001412410849764,165808.67595846375,0.8057335093663502,298320.3213033861,13.02651942288049,464128.99726184993,2.029538177779454,165808.67595846375,500,False,0.5097909159958363,0.0,0.0,0,0.0,0,0,0,0.69818512467919,0.9920414871145807,0.37963992465880647,6.0,19.19658077246696,0.05209261023370724
static,7,41,8671,32,205786,22901,228687,0.1001412410849764,172970.97670692962,0.8405381158433014,952118.3197501621,41.57540368325235,1125089.2964570916,4.919778109193315,172970.97670692962,500,False,0.521627499954775,0.0,0.0,0,0.0,0,0,0,0.4585793579719904,0.9966858005158339,0.008207785914932306,6.0,71.53588341058737,0.013978998403645897
static,7,53,8671,32,205786,22901,228687,0.1001412410849764,158897.94835296948,0.7721514017132821,413773.5472892986,18.06792486307579,572671.4956422681,2.5041716216587218,158897.94835296948,500,False,0.509317583986558,0.0,0.0,0,0.0,0,0,0,0.7252542807277422,0.9906903188168535,0.35158748938333406,6.0,13.15514849840099,0.07601586558460743
static,7,67,8671,32,205786,22901,228687,0.1001412410849764,161790.98560352577,0.7862098762963747,370880.365454117,16.194941943763023,532671.3510576428,2.3292594290783595,161790.98560352577,500,False,0.5193158750189468,0.0,0.0,0,0.0,0,0,0,0.5053002817274282,0.9932203562372063,0.09403937444190165,6.0,30.373868612784044,0.03292303699434291
static,7,79,8671,32,205786,22901,228687,0.1001412410849764,161180.2619372786,0.7832421152910237,378093.12346886506,16.509895789217286,539273.3854061436,2.358128732311603,161180.2619372786,500,False,0.5078174159862101,0.0,0.0,0,0.0,0,0,0,0.6589161122843427,0.9937803633177986,0.24418422190865705,6.0,16.089284035063372,0.06215316963891621
static,7,97,8671,32,205786,22901,228687,0.1001412410849764,160057.99983528897,0.7777885756819656,356031.7315711437,15.546558297504202,516089.7314064327,2.256751504923466,160057.99983528897,500,False,0.5075600830605254,0.0,0.0,0,0.0,0,0,0,0.6517961282782527,0.9890864989954449,0.29503098571395997,6.0,22.649780869978123,0.04415053751471309
static,7,113,8671,32,205786,22901,228687,0.1001412410849764,162888.89962120564,0.7915450984090543,403058.723514168,17.60004905961172,565947.6231353737,2.4747695458656316,162888.89962120564,500,False,0.5092810839414597,0.0,0.0,0,0.0,0,0,0,0.6250239153665047,0.9911114012926665,0.26313580878106485,6.0,35.39751054032481,0.02825057425608507
static,8,11,8671,32,205786,22901,228687,0.1001412410849764,136256.88077237766,0.662129011557529,491919.04128935747,21.48024284045926,628175.9220617351,2.746880767432058,136256.88077237766,500,False,0.5113503750180826,0.0,0.0,0,0.0,0,0,0,0.5850406188411295,0.9982760361617028,0.2640859914356579,7.0,148.18983668227935,0.006748101100509416
static,8,17,8671,32,205786,22901,228687,0.1001412410849764,133203.48581434856,0.6472912919943463,369298.6789311149,16.125875679276664,502502.16474546347,2.1973359427753367,133203.48581434856,500,False,0.5108335419790819,0.0,0.0,0,0.0,0,0,0,0.6171508571752772,0.992382758739703,0.19421083326904212,7.0,33.84506502744578,0.029546405042775836
static,8,23,8671,32,205786,22901,228687,0.1001412410849764,141866.48924748666,0.689388438705678,637158.2429727633,27.822289112823164,779024.73222025,3.406510786447196,141866.48924748666,500,False,0.524162583053112,0.0,0.0,0,0.0,0,0,0,0.6292340614278176,0.9904426793189801,0.2973522992737258,7.0,38.693422913145056,0.025844185515577035
static,8,31,8671,32,205786,22901,228687,0.1001412410849764,143524.69911117072,0.6974463720135029,636059.6939101338,27.774319632772972,779584.3930213045,3.408958065046568,143524.69911117072,500,False,0.5268613749649376,0.0,0.0,0,0.0,0,0,0,0.7008893692055933,0.982249008319511,0.32730265396703584,7.0,19.294603865000393,0.051827962211442875
static,8,41,8671,32,205786,22901,228687,0.1001412410849764,137492.95705259073,0.6681356217264086,606261.194674303,26.473131945081136,743754.1517268937,3.2522799797404036,137492.95705259073,500,False,0.5175085829105228,0.0,0.0,0,0.0,0,0,0,0.4815687404867308,0.9975439421362288,0.019661467336084835,7.0,93.32200198318247,0.010715586664977565
static,8,53,8671,32,205786,22901,228687,0.1001412410849764,136510.77207935654,0.6633627753071469,350497.16363316396,15.304884661506657,487007.9357125205,2.1295829483640105,136510.77207935654,500,False,0.5125093340175226,0.0,0.0,0,0.0,0,0,0,0.729108659332467,0.9943821401943088,0.326078914359036,7.0,39.072583648449715,0.025593393285618497
static,8,67,8671,32,205786,22901,228687,0.1001412410849764,143308.9299330843,0.6963978595875535,271600.10791634273,11.859748828275741,414909.03784942697,1.8143096802591618,143308.9299330843,500,False,0.5086534169968218,0.0,0.0,0,0.0,0,0,0,0.5571558049635923,0.9885349445379652,0.032699410620691635,7.0,51.51535951997419,0.019411686326526893
static,8,79,8671,32,205786,22901,228687,0.1001412410849764,138829.46841763408,0.6746302878603699,607420.9586400085,26.523774448277738,746250.4270576425,3.2631956650690355,138829.46841763408,500,False,0.5095034589758143,0.0,0.0,0,0.0,0,0,0,0.6888770196482558,0.9876235444157305,0.3073410939067873,7.0,29.69849973276152,0.03367173456566437
static,8,97,8671,32,205786,22901,228687,0.1001412410849764,133775.10904773197,0.6500690476890166,333311.8856772872,14.554468611732553,467086.9947250192,2.042472876573741,133775.10904773197,500,False,0.51006054203026,0.0,0.0,0,0.0,0,0,0,0.5433881384158782,0.9919043956079988,0.1518153328123017,7.0,30.561326422857388,0.032721092866312286
static,8,113,8671,32,205786,22901,228687,0.1001412410849764,134531.70193346922,0.653745648068718,392849.84712222964,17.154266063588036,527381.5490556988,2.306128241026813,134531.70193346922,500,False,0.5092858750140294,0.0,0.0,0,0.0,0,0,0,0.6051962410216399,0.9942637777840975,0.19854082025875017,7.0,48.41065688001991,0.020656608780962874
